{
  "/": {
    "cs": {
      "title": "Ubytování Nikol - Moderní ubytování v Brně | 5 typů pokojů",
      "description": "Ubytování Nikol v Brně nabízí komfortní ubytování s 5 různými typy pokojů. Soukromé koupelny, parkování zdarma, WiFi a snídaně. Booking hodnocení 9/10."
    },
    "en": {
      "title": "Ubytování Nikol - Modern Accommodation in Brno | 5 Room Types",
      "description": "Ubytování Nikol in Brno offers comfortable accommodation with 5 different room types. Private bathrooms, free parking, WiFi and breakfast. Booking rating 9/10."
    }
  }
}